author_type,critic_name,review_date,review_text,score
Top Critic,Chris DeVille,"Jul 7, 2025",The film‚Äôs on-the-nose approach seems unlikely to win over viewers who aren‚Äôt already on board with its message.,Rotten
Top Critic,John Anderson,"May 7, 2025",Your spiritual results may vary.,Fresh
Top Critic,Carlos Aguilar,"Apr 11, 2025",A serviceable if uninspired take on a story told countless times in just as varied formats.,Fresh
Top Critic,William Bibbiani,"Apr 11, 2025","It‚Äôs impossible to watch a film in which Jesus Christ says it‚Äôs wrong to profit from religion and then watch the filmmakers panhandle for extra money at the end. At least, not without imagining the screen getting struck by lightning.",Rotten
Top Critic,Matt Zoller Seitz,"Apr 11, 2025",Less of a fully satisfying animated feature that works on its own terms than a teaching tool that is clearly intended as such.,Rotten
Top Critic,Randy Myers,"Apr 10, 2025","While a few choices do seem a bit odd, ‚ÄúThe King of Kings‚Äù does a facile job of offering a crash course on Christ for a younger generation.",Fresh
Top Critic,Alissa Wilkinson,"Apr 10, 2025","It‚Äôs just the same story: every beat expected, every moment predetermined.",Rotten
Top Critic,Bob Strauss,"Apr 10, 2025","‚ÄúThe King of Kings‚Äù gives the Jesus story an animated treatment with some whimsical Dickensian touches. It‚Äôs nothing to write scripture about, but it should provide amusing and possibly enlightening Easter entertainment for younger children.",Fresh
Top Critic,Linda Marric,"Apr 9, 2025","With a creative narrative structure, a talented voice cast, and a sincere emotional core, it is a film that will resonate with families and faith-based audiences alike.",Fresh
Top Critic,Leslie Felperin,"Apr 8, 2025","The whole package isn‚Äôt on a par with the best biblical epics, but it‚Äôs serviceable enough.",Fresh
Top Critic,Kevin Maher,"Apr 7, 2025",... A faith-based South Korean animation with a top-tier voice cast and a disconcerting penchant for interrupting pivotal moments from the Bible with nonsense slapstick involving a wacky 19th-century house cat.,Rotten
Audience,,"Aug 17, 2025","Muito bom, filme emocionante, e busca trazer a hist√≥ria de Jesus para um p√∫blico alvo em geral, principalmente as crian√ßas, e convido voc√™s a sentir essa emo√ß√£o de amor, vinda do Senhor, atrav√©s do filme.",5/5.0
Audience,beliaalfaro,"Aug 15, 2025",Goated and lord Jesus Christ is king,5/5.0
Audience,,"Aug 8, 2025",Jesus Christ lives with us and he is the son of God.,5/5.0
Audience,,"Aug 5, 2025","VERY good Christian movie. My family went to see it, and we came out happy. This movie is worth watching, do NOT listen to the critics. If you are a Christian searching for a good Christian movie, look no further. The King of Kings is here!",4.5/5.0
Audience,Bee Yang,"Aug 4, 2025",I love my Lord and Savior Jesus Christ. I took the family to watch this movie and I got to say it was a great movie. my kids loved it also.,5/5.0
Audience,Alvarez,"Aug 2, 2025",The story of our King made for kids to understand.,5/5.0
Audience,,"Jul 28, 2025","To my surprise, I enjoyed the film, despite typically not being a fan of modern animation. The animation looked good, and there were several cinematic, eye-popping moments that surpassed what is typically expected from a cartoon. The directing was wonderful, and I could clearly tell Seong-Ho Jang was passionate about what he was putting on screen.",4/5.0
Audience,Oleg,"Jul 28, 2025",Been sleeping entire movie.,1.5/5.0
Audience,,"Jul 26, 2025","We really enjoyed watching the movie. If you're looking for a way to introduce a child to the story of Jesus, this is a great option. It's beautifully animated and stays true to the bible throughout the story - which is very important to us. We found the Angel platform had lots of great programming available.

#KingofKingsMIN #MomentumInfluencerNetwork #angelstudios #thekingofkings @angelstudios @thekingofkings

Many thanks to Angel for providing a one month Angel Guild membership for this review. Opinions are 100% my own.",5/5.0
Audience,Melissa,"Jul 26, 2025",thankful for the story put together,5/5.0
Audience,,"Jul 25, 2025","O Rei Dos Reis impressiona ao entregar uma narrativa simples e encantadora, ao mesmo tempo que tr√°s uma anima√ß√£o bel√≠ssima e cativante.",4/5.0
Audience,,"Jul 24, 2025","There is a brand-new film released recently on Angel.com. It‚Äôs called The King of Kings and it‚Äôs a cartoon based animated film touching on the teachings and life of Jesus. I personally watched it via my Fire Cube device and the streaming was incredible. This film was in 4K quality and wasn‚Äôt blurry and it was very clear the entire time. And for this being a Christian based production I was pleasing surprised that it was so high quality and looked amazing. The film wasn‚Äôt cheesy or anything in that regards. I really enjoyed the message behind the film and how it was a strong introduction to the life of Christ. 


The film begins with Charles Dickson is reciting his story of the Scrooge to an audience. When his son, Walter and his cat stop the production of the play while trying to perform a reenacted of King Arthur. Instead of punishing him, he takes a different route thanks to his wife and tells him the story of Jesus. He begins with the birth of Jesus, discussed his miracles, his betrayal and resurrection. The film is very PG rated and the only violence kids will see is mark-lines on Jesus from the after effects of Jesus being beaten. Kids can‚Äôt really see the punishment that Jesus took its sort of censored in a way. Later they can see the nails marks near his hands but even that is a clean version. I liked how they didn‚Äôt make it too violent for kids where everyone wouldn‚Äôt have to worry about what is being seen. They will get to watch the scenes unfold of Jesus entire life it covered all the big events and miracles. My favorite one was probably the one of the women and go and sin no more. This was done in a way kids could understand without making it too adult. 


The film voiced high paying actors and actresses throughout the film. These included Kenneth Branagh (Thor and 2015 Cinderella), Mark Hamill (Star Wars ‚Äì Luke Skywalker), Pierce Brosnan (James Bond), Forest Whitaker (Star Wars Rogue), Ben Kingsley (Iron Man 3), Oscar Isaac (Star Wars, X-men Apocalypse, The Addam‚Äôs Family, and The Nativity Story), James Arnold Taylor (Best known in Star Wars Clone Wars voicing Obi-Wan Kenobi). There were tons of voicing that people will recognize from the Star Wars films. Two of my favorites were in this movie. I have always enjoyed Mark Hamill and Oscar Isaac in his roles. I think having the powerhouse lineup will help lure kids into the story of Jesus. They are also estimated that this film has outdone other cartoon films. It has surpassed the popular 1998‚Äôs Prince of Egypt. It raised over $19 million just in the opening weekend. This film will go down as another popular film that will be rewatched again and again.",5/5.0
Audience,,"Jul 20, 2025","Inspiring and encouraging, beautiful film",5/5.0
Audience,,"Jul 20, 2025",It was a really well done and very satisfying animated family movie.,5/5.0
Audience,Maricela,"Jul 14, 2025",great story especially for kids to really get an understanding,5/5.0
Audience,,"Jul 6, 2025",What a beautiful movie,5/5.0
Audience,,"Jul 6, 2025","This film deserves to be recognized by the whole world, I loved the film, it was really good, nothing was changed, I say, congratulations to the director of this film, and I hope everyone knows the word of God, And our savior, Jesus",5/5.0
Audience,,"Jul 4, 2025","Clean & selfless. 

A father of two, this is something I can get behind. A tale within a tale. Solid tempo, great art, Good choices on audio.",4.5/5.0
Audience,,"Jul 4, 2025",Really good heart warming kids movie.,4/5.0
Audience,,"Jul 4, 2025","Wonderfully entertaining and informative! Funny and heartwarming as well, loved it!",5/5.0
Audience,,"Jul 3, 2025","Definitely a great movie for kids and adults! Definitely some good lessons to learn from the movie as well. I wish they would have included what happened after the resurrection of Christ as well, but still a very solid film looking forward to seeing more of Angel studio films!",5/5.0
Audience,T.sopher,"Jul 2, 2025",Proud to follow Jesus!,5/5.0
Audience,,"Jun 29, 2025","Such a wonderful movie for the whole family! Reminds us all of what‚Äôs truly important. Highly recommend. Parents, you will probably cry!! So prep the tissues!",5/5.0
Audience,,"Jun 28, 2025",Unbelievably boring. C‚Äômon,1/5.0
Audience,,"Jun 28, 2025",Sweet imagining of the greatest story ever told. The concept of Dickens telling his children is heart-warming.,4.5/5.0
Audience,,"Jun 26, 2025","Angel Studios pulls off another one.
Great movie. Beautiful version of this eternal story.
All ages can enjoy.",5/5.0
Audience,,"Jun 23, 2025",Boring story of the first zombie,0.5/5.0
Audience,,"Jun 16, 2025","I very much enjoyed this and it's an accurate telling. Appropriate for adults and children, whether they're believers or not. It's a gentle introduction to the story of Christ and it hits all the major milestones. So good we saw it twice.",5/5.0
Audience,,"Jun 15, 2025",This is beyond imagination,5/5.0
Audience,,"Jun 13, 2025","The King of Kings is kind of like Passion of the Christ for kids. That's something I have been hearing from others as well. It's got just enough action to keep kids of all ages interested, but it also has that deep, powerful message of Jesus to keep adults engaged. It can appeal to everyone.

The animation is pretty good for an Angel Studios movie. They keep getting better and better. The casting is out of sight, with the likes of people like Pierce Brosnan, Oscar Isaac and Jim Cummings. It's hard to believe all these big names signed on, makes me wonder how that process went and how it actually happened. I know there are obvious conflicts of beliefs going on there, but I know it's happened the other way around plenty of times, with Christians doing big Hollywood blockbusters. This reminds me of the excellent Christian kids movie that came out a while back called The Star. a loaded cast can make a big difference.

The unique twist here is that the story is told through Charles Dickens as he reads the story to his little boy. So, the movie tends to jump back and forth between the Dickens family and  the life of Jesus. Sometimes, they even blend together, which is interesting. The concept works quite well and introduces a little more entertainment value in the form of kids and  funny pet cat.

Overall, The King of Kings is an excellent animated Christian film that does what it needs to get the timeless message across to both kids and adults alike.",4/5.0
Audience,,"Jun 10, 2025","Great movie for everyone, especially for kids, lukewarm believers and nonbelievers alike.  It will certainly peak your curiosity about the King of Kings, Lord of Lords and Master of the Universe.  If you want to learn more about the Savior of the Universe, open you Bible and get to it!",5/5.0
Audience,,"Jun 10, 2025","I thought it was incredible and had good animation, I loved how the story was portrayed, congratulations.",5/5.0
Audience,,"Jun 9, 2025",I just finished watching it with my younger brother on the angel studios app and I loved it. Definitely a great watch for the whole family to sit down and enjoy.,5/5.0
Audience,genna.short,"Jun 8, 2025",Beautifully animated and charming. Biblically accurate to the life of Christ.,5/5.0
Audience,,"Jun 8, 2025","I wasn't expecting much from this, especially considering the actors who took part in it. Good thing too, because I was very disappointed. No wonder it received high criticism from hollyweird. It was nothing like the Bible, a bunch of interpretations of an easy life, whereas Jesus was constantly challenged and degraded by the masses. This makes His life look like a cakewalk. It was nothing of the sort! If you don't know the Bible, you would probably enjoy some of it, but for those who do, you may as well skip it.   If you are trying to introduce yourself or your family to God, I guess it's better than nothing  but almost every story has been altered.  So you may as well follow the Commandments, teaching the true Word.",0.5/5.0
Audience,,"Jun 6, 2025","The King Of Kings from this year is a remarkable, beautiful tale about Jesus told from the character of Charles Dickens. The animation at times looks real like the water and such and the film is a true reminder of our only hope, Jesus. I was disappointed to not see the disciples react to The Resurrection but the film still showed Jesus after being Ressurected. It is a truly inspiring film. 4 and a half out of 5.",4.5/5.0
Audience,,"Jun 6, 2025",Buena pel√≠cula para pasarla bien en familia,4.5/5.0
Audience,,"Jun 6, 2025","I was pleasantly surprised that this stuck to the Biblical account that most are familiar with. I found that the way it is presented makes it grab the attention of younger audiences. For Christians whose kids have been exposed to this story, there's nothing here that isn't in every other animated telling of Jesus' story, but I wish it'd been around when my kids were younger. 

For parents that like this, also highly recommend the ""Superbook"" series (the recent series rather than the 1970s-80s version).",5/5.0
Audience,Daniel Ramirez,"Jun 6, 2025",Believe in the Lord Jesus Christ and you will be saved! Confess with your mouth that Jesus is Lord and believe in your heart that God raised Him from the dead,5/5.0
Audience,,"Jun 5, 2025","It was cute, and had a good lesson on the importance of story telling in bringing children to Christ.  It also was somewhat forgettable.  I would encourage taking children, and it is not excrutiating for adults to watch.",4/5.0
Audience,,"Jun 3, 2025","King of Kings is a fantastic film that brings the story of Jesus to life in a way that‚Äôs perfect for children! Its engaging storytelling, vibrant visuals, and heartfelt moments make it an excellent tool for young viewers to understand and connect with Jesus‚Äô life and teachings. Highly recommend for families!",5/5.0
Audience,,"Jun 3, 2025",I legit cry at the scenes reminding me of kindness,5/5.0
Audience,,"Jun 3, 2025","What is wrong with this picture,  well Christ is not white neither was his people! Just like the Egyptian etc. This is a cartoon of lies and racial Idolatry to the fullest. Every church I've been a part of tells me That Christ's color doesn't matter but they keep painting him Caucasian when the bible clearly says he was very very dark skinned.  This mess should be deleted.  When the real Christ returns and sees all the trash everyone responsible is going to pay the client
Ulimate price for this Blantant and obvious LIE.",0.5/5.0
Audience,,"Jun 3, 2025",Awesome movie. Very good for kids.  My kids clapped at the end.,5/5.0
Audience,Laura,"Jun 3, 2025",This movie was amazing!,5/5.0
Audience,Michael L,"Jun 2, 2025",Great film for the family,4.5/5.0
Audience,,"Jun 2, 2025","It was a really great movie highlighting very important events in Jesus life. I do agree with others here that Walter and Lila could be a distraction while telling the story but, overall an amazing movie for all ages.",5/5.0
Audience,,"Jun 1, 2025","So fabulous and ao incredibly accurate! I am 63, my husband 68, my Mom 82 and my sister took her 24 yr old son and we all loved it. I went twice and both times theater was full
 
Even looking for tickets was hard.

Can't say enough good things about it. Rotton Tomatoes rating is so wrong!",5/5.0
Audience,,"May 31, 2025",Great movie explains the grace and mercy that we have all been blessed whether you believe or not. In this time of males invading girls bathrooms and locker room. With all the targeting of children in every bit of entertainment out there. The movie covers the basics of Christ examples he's set for us and all we have to do is believe and say with our words that Christ died for our sins.,4.5/5.0
Audience,Veronica,"May 31, 2025",Loved the story line!,5/5.0
Audience,,"May 31, 2025",ANother push from the Evangelicals to brainwash children into believing a bunch of nonsense.,0.5/5.0
Audience,,"May 31, 2025",This movie is awesome and should be on everyone's must watch list.,5/5.0
Audience,,"May 31, 2025","Beautiful 

What a gem of a movie. Beautiful telling of the story of Jesus. Loved it and was proud to watch it with my son. Need more of this on the big screen",5/5.0
Audience,Gabby,"May 30, 2025","Amazing kids movie, even as an adult I really enjoyed seeing how they went about the story",5/5.0
Audience,,"May 30, 2025",leave children alone.,0.5/5.0
Audience,,"May 30, 2025","Absolutely meaningful, full of emotions and remember us that Yeshua/JesusChrist is alive‚ù§Ô∏è‚Äçüî•.",5/5.0
Audience,,"May 28, 2025","Brainwashing forces all Christian‚Äôs to give Christian movies a positive score right? I‚Äôve never seen it and never will, but I want to counter the 5 star religion reviews from people that have never seen it either.",0.5/5.0
Audience,,"May 28, 2025","Actually surprisingly good.

The animation quality is top notch and the style feels unique especially with some background art style.  The story telling element is pretty formulaic and all the stories are familiar to virtually all Christians and those who attended Sunday school.

Did I fall asleep a couple times?  Yes.  Would I recommend this to Christian families who would like to familiarize their kids to stories of Jesus without laborously reading the Bible together?   Also yes.",4/5.0
Audience,,"May 28, 2025",this is a work of art Walter is a little bit annoying though,4.5/5.0
Audience,Marisela Tovar,"May 27, 2025","My kids 10 & 7 yr old boys loved it!!! It was an excellent movie that portrayed Jesus story!!! It kept us hooked, wanted to know see more, whats next!!! We highly recommend to go watch!!! It was a great family movie to watch together for my kids it know & learn the story of Jesus!!!",5/5.0
Audience,,"May 27, 2025","I personally don't like to touch on religious movies, but I did go to see this one in the theater, so . . . anyway, I really enjoyed the parts in ancient times, with Jesus, but Walter, Charles, and the cat were an annoying distraction throughout the movie. Oscar Isaac's voice work was excellent. SO GOOD. This one really didn't do much for me. I wouldn't recommend this one for a bible story. Okay.",2.5/5.0
Audience,,"May 25, 2025","Just for TV or Amazon free watch material. I felt deceived as to the movie's quality & writing team. On reading the credits it turns out that the screen team & producers were largely Asian & NOT THE ERWIN BROS SKILL & TALENT. It seems they were presented the deal & put their name on the production credits?

It felt very musty religious, as in Catholic bent. And so as a result, it lacked biblical accuracy. It's really needed Messianic Rabbi/Pastoral advise. 

I really expected more & am disappointed. So, I can't recommend the movie even for kids. Although, the truth that Jesus is King of Kings is presented. It's religiosity might confuse the younger audience & new believers.",3/5.0
Audience,,"May 24, 2025",Fabulous well told true story,5/5.0
Audience,,"May 24, 2025","A horribly executed fairytale movie with clunky animation, insane dialogue and strange action sequences.",1/5.0
Audience,,"May 23, 2025",I fell asleep lmao not very entertaining,1/5.0
Audience,,"May 23, 2025","Pretty good. Not as good as Teenjus, but it was fine. I had hoped for a different ending this time but they didn‚Äôt deviate much.",3.5/5.0
Audience,,"May 23, 2025",Best movie I‚Äôve ever seen!,5/5.0
Audience,Jean-Carlos,"May 23, 2025",the message of Jesus needs to be heard and they did it wonderfully,4.5/5.0
Audience,Tabitha,"May 22, 2025","It was like the Chosen for kids 
I know many kids who were touched powerfully by this movie!!",5/5.0
Audience,,"May 21, 2025",it looks ai generated,1/5.0
Audience,Logan,"May 21, 2025","Amazing, such a wonderful movie my family and kids absolutely loved it!",5/5.0
Audience,,"May 21, 2025",Superb!!!!  The kids want to see it again!! bring a tissue....,5/5.0
Audience,deb,"May 20, 2025",The story within the story was quite moving and lovingly shared...meant for families and those who seek to bring a strong message forward.,5/5.0
Audience,,"May 20, 2025",Best movie. Best film. Best Movie.,5/5.0
Audience,Taunya,"May 20, 2025",Everyone in the world needs to see this movie.,5/5.0
Audience,Taylor,"May 20, 2025","Amazing movie, with a great representation of the story Charles Dickens created for his kids and then actually shown a representation of a kid seeing Jesus. Very beautiful and I can only imagine how helpful this movie was for parents to show their kids.",5/5.0
Audience,Stephanie,"May 19, 2025",My 6 year old daughter and I both loved this movie. A well done story of Jesus for youngsters to enjoy!,5/5.0
Audience,Chad,"May 19, 2025",I probably should‚Äôve watched the trailer before seeing the movie.,0.5/5.0
Audience,Jisela,"May 19, 2025",Great to have a cartoon film to introduce to my child and I liked how the bad scenes of him being tortured were not shown.,5/5.0
Audience,Mark,"May 19, 2025","Incredibly  Biblically accurate, & draws you to Christ & what he represents. An extremely well done movie that‚Äôs Biblically accurate, & credible & likable. Surprisingly likable, even though it uses an animated character characters with real human voices, in lieu of well-known human actors images on the screen. Somehow it works better than using real human images because it lets you identify Christ as you believe he could or should have looked like.",4.5/5.0
Audience,Tomeka,"May 18, 2025","The movie was excellent, like an animated Passion of the Christ.",5/5.0
Audience,cchristi,"May 18, 2025",Agreed with everything. Great retelling of the story of Jesus. Every child should watch it. My six year old got a little restless towards the end.,5/5.0
Audience,ke,"May 18, 2025",Well done . Story line was according to scripture,5/5.0
Audience,,"May 18, 2025",An absorbing film that the kids sat through to the end.  Very good.,5/5.0
Audience,brittany7108,"May 18, 2025",Great movie. Its a movie about the life of Jesus that is perfect for adults and children.,5/5.0
Audience,richard w,"May 18, 2025",Very powerful for children and a good review for grownups.,4/5.0
Audience,Matthew M,"May 18, 2025",a great and kid friendly way to introduce the horror that Jesus faced by those who wished to harm him while asking God to forgive us all.,5/5.0
Audience,,"May 17, 2025","Vapid and ludicrous. Why we Christians are forced to support faith-based ANYTHING simple because that label is slapped on a product is dumbfounding. This is poorly voiced, hardly acted and intimately unsatisfying.",0.5/5.0
Audience,,"May 17, 2025",Made me cry what a great film,5/5.0
Audience,First L,"May 17, 2025",It was well told and beautifully written!,5/5.0
Audience,Mrs Michel,"May 16, 2025","Wonderful film! My 6-year-old stayed engaged all the way through, and even my husband‚Äîwho usually dozes off during movies watched it until the very end.",5/5.0
Audience,,"May 16, 2025","Finally a story for all ages that brings people to Christ. An absolute must watch, and I'm not the best example of a born again Christian.",5/5.0
Audience,Tina,"May 15, 2025",Captivating! A great movie for any age.. kept me very interested in watching the storyline compared to biblical writing. Loved it!,5/5.0
Audience,,"May 15, 2025","This animated film's visual symbolism challenges Christians‚Äô critiques that it does not explicitly show Jesus as God. It does. Jesus' transition into Walter‚Äôs father signifies that He and the Father are one.

It was a heart-melting animation, and I will never forget the scene where Christ pushed Walter out of the water. Jesus saves people from death through faith in Him‚Äîand that means believing in what the entire Bible says.",5/5.0
Audience,James K,"May 15, 2025","The first minute of the move is a great but of context setting, and is fantastically done, introducing us to Charles Dickens, the storyteller for the rest of the film. 

The next nine minutes though, were extremely painful to watch. Dickens is shown as having adopted the ""gentle parenting"" technique popular today. Apart from not being a parenting technique that Dickens would have used, it results in egocentric children. And yet this parenting is presented positively.

Once the story became about Jesus, it went much better. There are some stylistic and theological things that I don't love, but the poor parenting at the beginning means I'll never watch this with my kids.",3/5.0
Audience,Melly,"May 14, 2025",Beyond gorgeous film. Teared up through most of it. Really touched my heart!,5/5.0
Audience,erika,"May 13, 2025",The King off Kings was a great movie enjoyed the cinema at the Aurora location,5/5.0
Audience,Obi,"May 12, 2025",Please see this movie,5/5.0
Audience,Mari,"May 12, 2025",Such a cute way to explain Jesus to young kids,5/5.0
Audience,Mary,"May 12, 2025","The unique storytelling of the storyline was interesting but not enough to engage me for the entire hour and 45 minutes of the film. Alas, I only made it through the first 20 minutes and fell asleep... My mom enjoyed it though!",1/5.0
Audience,Megan J,"May 12, 2025",We absolutely loved this movie! 10 out of 10!,5/5.0
Audience,Virginia,"May 12, 2025",Good interpretation and well done animation,5/5.0
Audience,Robert,"May 12, 2025","loved the animation, story,",5/5.0
Audience,Stephanie,"May 11, 2025",Must see for entire family!  Stayed true to details without being too graphic for little children.,5/5.0
Audience,Chris P.,"May 11, 2025","Amazing to watch Jesus story - my little ones loved it and it also touched my heart. I did shed a tear to two. Quite moving, already knowing the story of Jesus and growing up in the church.",5/5.0
Audience,Tara A,"May 11, 2025","It was enjoyable, family-friendly,  easy to follow. Nice and worth seeing in theaters",5/5.0
Audience,cheryl g,"May 11, 2025","Awesome movie, kids loved it!",5/5.0
Audience,Kaitlyn,"May 11, 2025",I would definitely recommend! Took my kids and they loved it!,5/5.0
Audience,ofni h,"May 11, 2025",Love the story told for children to understand,5/5.0
Audience,Sandra,"May 11, 2025",I cried. I LOVED this movie,5/5.0
Audience,Tsio,"May 10, 2025",Great story for the kids,5/5.0
Audience,Kaye R,"May 10, 2025",Great movie and stays true to the Bible,5/5.0
Audience,Juliette F,"May 10, 2025","This is literally the kid version of Passion of the Christ. 10/10, had me, an adult, crying like a baby! Definitely reminds you to keep childlike faith, always.",5/5.0
Audience,Jennah,"May 10, 2025",My children and I loved this! Such an amazing way to introduce God to your little ones!,5/5.0
Audience,,"May 9, 2025",I love this movie soo much!! Absolutely amazing movie. Good for the whole family!ü•≥ü•≥,5/5.0
Audience,Anthony,"May 9, 2025","Loved it, Jesus Christ King of Kings Lord of Lords!",5/5.0
Audience,Jeremy,"May 9, 2025",First 10 minutes is pretty bad but once you get into the Jesus part of the film it gets much better. Some incorrect use of scripture so beware of that. A beautiful looking film that is pretty decent with some scriptural and pacing flaws.,3.5/5.0
Audience,Smiley,"May 7, 2025",FANTASTIC family movie ... something for everyone from 7 to 70 (and beyond). Love it ... will certainly see it again.,4.5/5.0
Audience,Lin,"May 7, 2025",We went to see this movie as adults and thoroughly enjoyed it. It is a wonderful movie that shares biblical truth in a way kids can understand it. They did a great job on this. I can honestly say whatever your age group go see it.,5/5.0
Audience,Shari T,"May 7, 2025","The King of Kings  was a great movie.
Great film for all ages to watch and enjoy.
I take my mom to the movie theater today for Mother Day.",5/5.0
Audience,Edward,"May 7, 2025",You NEED to come see the movie!!!,5/5.0
Audience,Jonathan,"May 6, 2025",My son and I enjoyed this movie together. It is especially important to me that I have the biggest influence of him looking to Jesus Christ being his Savior and influencer.,5/5.0
Audience,Jasmila,"May 6, 2025","This movie was great, great movie for the kids and adults to see.",5/5.0
Audience,Derek G,"May 6, 2025","Held the attention of my 6 year old granddaughter througout, and then became the subject of good discussion on the way home.  Really well done.",5/5.0
Audience,CHANTELLE,"May 6, 2025",Loved how the story was broken down for kids in a way they could understand. There were parts that I thought were really cool and made me go wow. My kids said it made things clearer for them and they could see themselves in the story like the little boy. Great depiction of Jesuss sacrifice for us!,5/5.0
Audience,Moviefan,"May 5, 2025",Such a great movie! Would definitely see again,5/5.0
Audience,Carol H,"May 5, 2025","Good visuals, our kids really struggled with how long this movie was. It felt like it started over half way through. But overall still a good movie",3/5.0
Audience,Dorcas P,"May 5, 2025",I loved it!  My favorite part was when Jesus Christ found the cat for the little boy.  I thought it was well done and very creative.,5/5.0
Audience,Lucia,"May 5, 2025",it was a really good movie,5/5.0
Audience,Zach,"May 5, 2025","The first 15-20 minutes are a little slow with Jesus not being shown or referenced, but once the story of Jesus enters the movie the passing picks up. The story gives tales in Jesus life in a great way. The story comes off almost childrens sermon like. Great for kids! If you have little kids its a great way for family time! Highly recommend!",4.5/5.0
Audience,,"May 5, 2025",Well done ‚Ä¶‚Ä¶‚Ä¶‚Ä¶‚Ä¶‚Ä¶‚Ä¶‚Ä¶‚Ä¶..,4/5.0
Audience,Brian,"May 5, 2025",An excellent job of presenting the story of Jesus in a format that kids can absorb and enjoy!,5/5.0
Audience,,"May 5, 2025",This is the BEST animation movie I've ever watched. I strongly recommend this movie for everyone!,5/5.0
Audience,,"May 5, 2025","Fantastic adaptation, kept my kids engaged and stayed true to the Bible. A great family movie. The scene where the child is placed in the position of Peter, the lame man , the hungry and Jesus meeting out needs was a moving moment and stirring.",5/5.0
Audience,Todd,"May 5, 2025",What a Fantastic Movie!!!,5/5.0
Audience,Arlene P,"May 5, 2025",This movie was perfect for the young and the young at heart. It was compelling enough to capture an adult's heart and attention and yet told in a way that the youngest watcher could be in awe and understand!,5/5.0
Audience,Laura C,"May 5, 2025",There were several inadequacies in the narrative. Walter's character in the beginning was disrespectful toward his parents and the father was too inconsistent. The animation was first rate and the visuals stunning. I wish I could give it a better rating but the story controls and it didn't land with us.,3/5.0
Audience,,"May 5, 2025",This movie was phenomenal for adults and children to watch. The film goes over the lords journey and it hits important facts. This is a must-see!,5/5.0
Audience,,"May 4, 2025",The crucification of Jesus is a story that is told over and over and over. I don‚Äôt need to hear it another time. The movie lacks originality and feels dry.,2/5.0
Audience,Stephanie,"May 4, 2025",Great movie! Tells the story of Jesus' life in a way that children will be able to understand and I loved the added humor with the cat! Definitely helps keep the attention of little ones! My daughter (almost 11 years old) loved it and said she wants to see it again!,5/5.0
Audience,Carmel G,"May 4, 2025","Loved it, the grandchildren loved it as did the parents. Animation was great but I thought Jesus and his Disciples could have been drawn a little more handsome. Story line was perfect for young ones to understand.",4.5/5.0
Audience,Mrs Nico,"May 4, 2025",The story was excellent. The animation was phenomenal. Enjoyed by adults and children.,5/5.0
Audience,Ana D,"May 4, 2025",This is a must see for families regardless of your religious beliefs. Kids will love it and adults will cherish it.,5/5.0
Audience,Maria  R,"May 4, 2025",The opener to where our faith is. Great family movie.,5/5.0
Audience,Jaime,"May 4, 2025","Beautiful and fulfilling film, my kids and us  loved it. God is great. Jesus Christ is King of Kings, lord of Lords.",5/5.0
Audience,Carolina,"May 4, 2025",it was very biblical.  it caught the attention of the younger audience. mine as well.,5/5.0
Audience,Toni,"May 4, 2025","The most beautiful story of Jesus life. Angel Studios has created such an amazing movie that teaches us about Jesus, the history behind Him and our faith. A must see for everyone!",5/5.0
Audience,GenZ,"May 4, 2025","I loved the money, but I think it is a little too strong for small children. I laughed and cried throughout the movie. It is a great movie for Lent and Easter.",5/5.0
Audience,,"May 4, 2025","Absolute must see. At 68 years old, I thought it was wonderful.",5/5.0
Audience,Christina,"May 4, 2025",The characters are a little creepy looking . But very good story.,4.5/5.0
Audience,Pas. Michael,"May 3, 2025","was totally amazing, and my 9-year-old was so focused and immersed in the entire time.",5/5.0
Audience,Steven G,"May 3, 2025",Amazing story of the King of All Kings! Captivating and heartwarming. Should be shown in many more theaters with more time slots.,5/5.0
Audience,Jimmy Davis,"May 3, 2025",This movie was amazing!! It was very moving! It is a great Christian movie and it is spot on with the Gospels!! They didnt cover everything Jesus did. If so it could be like a 5-hour movie. I hope and pray that this movie reaches out to non-believers and that they come to know Christ someday. Jesus loves you!!!,5/5.0
Audience,Paul E,"May 3, 2025",Charming and meaningful entertainment for the whole family!,5/5.0
Audience,Lalliantluanga,"May 3, 2025",Fascinating and Captivating. You really are the True Kings of Kings,5/5.0
Audience,,"May 3, 2025",This movie was not that bad but the animation looked weird for me it was a alright movie,4.5/5.0
Audience,Janet M,"May 3, 2025","We really enjoyed this film‚Äîboth parents and our kids (ages 3 and 6). I especially appreciated how the story invites children directly into the life of Jesus, making it so much more relatable and engaging for young viewers. It brought the message to life in a gentle, meaningful way that resonated with the whole family.",5/5.0
Audience,Shay L,"May 3, 2025","The story was woven together so creatively, yet with all the right elements of truth, compassion,  love and Immanuel.  Gods love story was easy to understand at the most basic level,  and that was it's strong lure.",5/5.0
Audience,Damaris,"May 3, 2025","100 % recommended, great for all ages",5/5.0
Audience,Anthony,"May 3, 2025",I like it because even kids can understand it.,5/5.0
Audience,,"May 2, 2025",i like it but not the ai slop,2.5/5.0
Audience,Sheldon,"May 2, 2025",Absolutely horrendous. Poorly written slop,0.5/5.0
Audience,Jessica B.,"May 2, 2025",This was one of the best movies I have seen in a while.  It was a creative way of making the audience feel they were also invited in to the Christ's invitation of salvation as the child gained his understanding of what Jesus no longer being on the cross and His empty tomb all meant. It was a beautiful and moving christian family film.,5/5.0
Audience,Kim L,"May 2, 2025","Beautiful message of Jesus, the son of God and well done for children. The animation is gorgeous and I wouldn't change a thing. If you are unaware of the message being delivered by Charles Dickens as the narrator and he and his family and youngest son is amazingly inner twined in the story to help the children connect to the message.",5/5.0
Audience,,"May 2, 2025",I thought it was wonderful from start to finish.,4.5/5.0
Audience,,"May 2, 2025","What a beautiful spin on this wonderful story.   The movie animation is perfect for just this kind of story.   Not to overdone and yet ,,, it seems to give off a meaningful and enriching experience .   As I sat there I was drawn in and deeply moved .   It says so much,  with little effort.  I was brought to tears more than once.   Please, please make more of these films.   This is what the worlds needs today.  More faith in the Almighty .",5/5.0
Audience,LYDIA KARSCHNER,"May 1, 2025",Excellent!  My 5 year old loved it!,5/5.0
Audience,Ally D,"May 1, 2025","Interesting storyline. Stunning graphics (positive)  If I was a child in the age range of 5 to 8 years, not sure if this movie would have kept my attention.",3.5/5.0
Audience,,"May 1, 2025","I really loved The King of Kings! It feels like watching a bedtime story with the honest heart of Jesus‚Äô sacrifice at its core. Jang Seongho and Oscar Isaac's portrayal is warm and genuine, showing Jesus as both gentle and quietly strong, and the animation is so vivid you almost believe the miracles are happening right before your eyes. The music pulls you in, making the big moments soar and the sad ones hit right in the chest. It‚Äôs a touching, uplifting film that reminds you what love, and faith are all about.",5/5.0
Audience,,"May 1, 2025","2 of us went to see the show and both of us loved it‚Äî wished it was longer. Such a precious love story of how Jesus would die for men, so that we could have a close relationship with God. 
The way the story was told was mostly lighthearted and often seen through a child‚Äôs eyes at times, without glossing over the sacrifice made. The animation was beautiful and worth seeing too.",5/5.0
Audience,Sandy,"Apr 30, 2025",Perfect for a way to introduce the belief in Jesus to and unchurched children and adults,5/5.0
Audience,,"Apr 30, 2025","We all know these stories. But this movie stitches them together in such a beautiful and inspiring way, it's impossible to leave the theater the same as how you came in. I typically don't like Hollywood portrayals of Jesus but this one is wonderful.",5/5.0
Audience,Tony,"Apr 30, 2025","The King of Kings is not just a film ‚Äî it is a reverent, awe-inspiring experience that stirs the soul and elevates the spirit. From the first frame to the final scene, this cinematic retelling of the life of Jesus Christ is nothing short of breathtaking in its depth, beauty, and conviction.

The direction is profoundly respectful and filled with purpose, treating every scene with a sense of divine gravity. The performances are nothing less than remarkable ‚Äî powerful without being theatrical, tender without ever losing strength. The portrayal of Jesus is radiant, conveying both the quiet humility of a servant and the commanding authority of the Son of God.

Visually, the film is stunning. Whether depicting the miracles, the parables, or the Passion itself, every shot is composed with an artists eye and a disciples heart. The score only enhances the emotional resonance, lifting moments of glory and carrying the viewer through scenes of heartbreak with grace and dignity.

What truly sets The King of Kings apart is its unwavering commitment to the message of hope, redemption, and love at the center of Christs story. It isnt just a film for Christians ‚Äî its a deeply human story that speaks to the broken, the searching, and the faithful alike.

Watching The King of Kings is more than watching a film ‚Äî its stepping into sacred history, portrayed with reverence, passion, and faith. An absolute must-watch for anyone seeking inspiration, beauty, or a powerful reminder of the greatest story ever told.",5/5.0
Audience,,"Apr 30, 2025","Beautiful movie: inspiring, uplifting, entertaining and creative.",5/5.0
Audience,Hunter,"Apr 30, 2025",Oscar Isaacs is the true Marvel Jesus.,5/5.0
Audience,cesar,"Apr 30, 2025",Amazing movie to tell the story of the king of kings ‚ù§Ô∏è,5/5.0
Audience,Jenn,"Apr 30, 2025","This was a beautiful and well-made family-friendly telling of the life, crucifixion, and resurrection of Jesus Christ. It is carefully crafted to be engaging and entertaining for children. My 4yr old Godson, who can barely sit still for 5 minutes, was mesmerized throughout the film. I highly recommend.",5/5.0
Audience,Richard  R,"Apr 30, 2025",Loved it it was a great movie!,5/5.0
Audience,Joe R,"Apr 30, 2025","Creative, fun, informative and inspirational. Loved it",5/5.0
Audience,,"Apr 30, 2025",The fact this movie exists. Solidifies my atheism.,1/5.0
Audience,James Reeves,"Apr 30, 2025",Cute family movie about Jesus Christ,5/5.0
Audience,Jacqueline,"Apr 30, 2025","Amazing depiction of the life death and resurrection of Jesus Christ. It was kid friendly so that they could understand , but not too graphic where it would scare them. We loved it and wish there were more faith based animated movies for kids.",5/5.0
Audience,Cristal,"Apr 30, 2025",It was a beautiful movie,5/5.0
Audience,,"Apr 30, 2025","THIS MOVIE IS VERY GOOD!!! As teen, I would say this movie not only educational but it's powerful going through all these emotions in this film taught me morals and values for passions. I WOULD MOST DEFINITELY RECOMMEND TO WATCH THIS FLIM FOR ALL AGES WITH A OPEN MIND AND HEART.üòã",5/5.0
Audience,Linda K,"Apr 30, 2025",Excellent show. I brought my 214 year-old granddaughter‚Äôs and my six-year-old great granddaughter and it was easy enough for them to all understand and yet interesting for me too. I thought it did an excellent job of telling the life story of Jesus. It was a great movieand the girls loved it.,5/5.0
Audience,Jeanne,"Apr 30, 2025","This is definitely a family movie. Its a great way for children to learn about Jesus but its not so simple as to bore adults.   The story was 100% accurate. 
The animation was amazing.",5/5.0
Audience,,"Apr 29, 2025","This film is a beautifully made, easy-to-follow story about the life of Jesus, blending scenes from the Old Testament to add depth. It‚Äôs heartfelt and inspiring‚Äîperfect for a all family members.",5/5.0
Audience,Ian Ramirez,"Apr 29, 2025","Beautifully done. From the start to the finish, cinematically amazing. From all age ranges it will keep you in-tuned and eager to know what happens next. Praise to the almighty high!",5/5.0
Audience,,"Apr 29, 2025",So beautiful and touching! The perfect family movie. This has substance and meaning and wisdom; it is the opposite of vacuous mindless kids entertainment.,5/5.0
Audience,Templar,"Apr 29, 2025",A beautiful story for all time. One of the best movies Ive ever seen. He is risen!,5/5.0
Audience,Jay,"Apr 29, 2025","Great film, good for family's to watch together,  easy for children  to understand  story of when jesus walked this planet an died for our sins.

I highly recommend this film for  family's, great movie.",5/5.0
Audience,Jane,"Apr 29, 2025",Took my great grandson who's eight yo. He understood everything.  I was blessed to have been able to take him. I may not have much time with him in the future but God gave me this opportunity to plant some seeds. Kenneth is his name and I am trusting God.,5/5.0
Audience,Ana,"Apr 29, 2025",AMAZING MOVIE!!!! 10/10 recommend for the whole family! ü§©,5/5.0
Audience,Kyle,"Apr 28, 2025","Fantastic movie and very kid friendly. A new classic for Christian families and their children.  

It is amusing to see gOdS cHoSeN pEoPLe leaving bad Rotten Tomatoes reviews -  the giveaway is the audience score of 97%. Make no mistake, this film is a smash hit for the target audience.",5/5.0
Audience,,"Apr 28, 2025","Worst Angel Studios movie I've ever seen in existence. They usually have better movies and this one however was simply not it. The animation is terrible and as the story itself is being told, it feels like that there's stuff missing from the story within. It feels very disjointed, choppy, and overly produced. What bothers me the most is that it's tries way too hard to being two different movies and it's almost like that it doesn't know what kinda movie it wants to be. I don't know why the wife and children weren't at home while their father is at a play performing for thousands of people who already bought their tickets. It's a theater, not a daycare center. Yeah, that didn't make any sense to me and on top of that, the father rewards his child's disruptive behavior. No apologies were made towards the father and son which is seriously disheartening. People make mistakes but it is never to late to rebuild and start again. This movie was supposed to be about love and forgiveness, and I'm just not getting any of that from this horribly animated movie. The animator in the animation department seriously needs to be fired because there was no heart or effort placed into it. Angel Studios, do better. VeggieTales Easter is way better than The King of The Kings. VeggieTales is heartwarming, heartfelt, hilarious, and entertaining enough to watch. At least, VeggieTales has sing alongs and hilarious musical numbers. Some good, some bad but still fun. It made me appreciate VeggieTales a whole lot more than The King of Kings. Sorry, not sorry!",1/5.0
Audience,Elena,"Apr 28, 2025",informative for children. it was really great and made me pretty emotional,5/5.0
Audience,Bonnie,"Apr 28, 2025","Amazing how he could make these characters come alive in body expression and eyes.  Did an excellent story of following our Lord's life on earth, now to see the resurrection!",5/5.0
Audience,Rebecca,"Apr 28, 2025","Very very very well done and is animated.   The movie has great scenes  that are biblically sound plus it is inclusive of  all Jesus ministry, birth, ministry, and the betrayal /crucifixion and then resurrection.",5/5.0
Audience,Nicole Cortes,"Apr 28, 2025",Great movie! Explains everything so well for kids to understand.,5/5.0
Audience,Santos T,"Apr 28, 2025",Great movie. Graphics were amazing. Stories seemed accurate and easy to digest for all ages groups.  Every minute of the film was used appropriately and nothing lingered and nothing wasted. Would watch it again. My wife and I and our 2 boys ages 6 and 8 really enjoyed it. Great job!,5/5.0
Audience,Eric W,"Apr 28, 2025",Amazing retelling of Jesus from the perspective of Charles Dickins and his son.,5/5.0
Audience,Olga S,"Apr 28, 2025","Cute cinematography/CG, original story-telling idea for kids, in general very kid-friendly.",5/5.0
Audience,,"Apr 28, 2025","Good retelling of Jesus' life summing up the gospels. My 8 and 6 yr olds were able to follow the story and weren't confused by Charles Dickens and his son Walter Dickens. I found them (and the cat) distracting in the scenes, but besides being mildly annoyed, I appreciated the film as a whole. Even my 3 yr old was engaged the whole way through and could recognize scenes like the birth of Jesus as familiar stories he has heard. He was a bit scared at certain points but overall it wasn't an issue . I support more movies telling stories from the Bible and this one was worth a watch.",3.5/5.0
Audience,Justin,"Apr 28, 2025","Didnt like the narrator. (Father and son telling the story)
Other then that movie was good and perfect for kids. 
Basically kids version of passion of Christ.",4/5.0
Audience,Joe Gutierrez,"Apr 28, 2025","A beautiful movie about the life of Jesus 
I encourage to take your kids to watch it 
Or anyone all ages",5/5.0
Audience,Brandi A,"Apr 28, 2025",Everyone should watch this! Absolutely loved it!,5/5.0
Audience,marilyn,"Apr 28, 2025",A must see!  A biblical depiction of the life of Christ  I. A way for children to understand,5/5.0
Audience,joshua m,"Apr 28, 2025",It‚Äôs a hit.  My whole family enjoyed it!,5/5.0
Audience,Steel,"Apr 28, 2025",Very cute and kid friendly! Definitely a great way to introduce Jesus Christ to the little ones.,5/5.0
Audience,Jerry,"Apr 28, 2025",Best movie Ive ever seen to help someone understand the truth of Jesus. Highly recommend this movie!,5/5.0
Audience,Agnes,"Apr 28, 2025",Yes!!!! All should watch this movie. Especially kids. Its the true story of Jesus. Understandable for the little people and such a great gift for the grown ups.,5/5.0
Audience,Frank G,"Apr 28, 2025",Beautiful movie! Definitely a must see for every child,5/5.0
Audience,Cody R,"Apr 28, 2025",This beat the live action Snow White by Disney! Nuff Said,5/5.0
Audience,Nikki,"Apr 28, 2025",Amazing story for people of all ages.,5/5.0
Audience,Morgue,"Apr 28, 2025",Fantastic. Cried my eyes out. Very well done.,5/5.0
Audience,Katie F,"Apr 28, 2025","If I was into seeing a religious movie, I would have enjoyed this.  However, I was not‚Ä¶and I was disappointed.",1/5.0
Audience,Ileana B,"Apr 27, 2025",Great movie for the kids. I also enjoyed it very much.  Highly recommend for the entire family.,5/5.0
Audience,Dianna W,"Apr 27, 2025",We loved the movie.  We took our grandsons but it was such a beautiful movie even for the adults.  Thank you for sharing this.,5/5.0
Audience,Kody T,"Apr 27, 2025",Wonderful story about the life of Jesus that is great for all ages.,5/5.0
Audience,Sandy,"Apr 27, 2025",Great movie!!  So happy to see the story of Jesus on the big screen that is needed so much in todays world to get back to putting GodFirst! I would recommend everyone see It!,5/5.0
Audience,,"Apr 27, 2025","Such a great story on the life of Jesus Christ. It was definitely a great message told differently. My brother, sister-in-law and nieces and nephews loved it. As did I. Must see!",5/5.0
Audience,Chrissie,"Apr 27, 2025",Very accurate Biblically.,5/5.0
Audience,GK,"Apr 27, 2025",Family friendly. I would definitely encourage everyone to take their kids.,5/5.0
Audience,,"Apr 27, 2025",King of kings was good movie,5/5.0
Audience,Melanie,"Apr 27, 2025",It tells the story of Jesus in a way kids can understand. It also tells the story so it doesnt frighten kids. Its a good movie for the whole family to see!! Will see it again!!,5/5.0
Audience,Kayla,"Apr 27, 2025",Truthful and gives children the true story of Jesus.,5/5.0
Audience,,"Apr 27, 2025","King of Kings was so beautifully made. Watching it felt like experiencing my faith through the eyes of a child ‚Äî filled with wonder, gratitude, and awe. Throughout the journey of the film, there was a deep presence of God‚Äôs love that humbled my heart I truly appreciate all the thought, care, and detail that was poured into every scene. My family and I absolutely loved this movie.
Thank you, Angel Studios, for creating something so special. We are truly blessed by His grace.
JESUS IS THE KING OF KINGS!

- Joy 
San Antonio, Tx",5/5.0
Audience,Mario,"Apr 27, 2025",It was a beautiful and wonderfully made movie I recommend this movie to everyone,5/5.0
Audience,John,"Apr 27, 2025",Great storyline and terrific animation.,5/5.0
Audience,Veronica,"Apr 27, 2025",What a beautiful movie the kids didn‚Äôt move an inch they were mesmerized. I would pick it over any Disney movie. Just beautiful. The story was told so wonderfully and it was so moving. I took 16 people on my family and friends. And I‚Äôm taking another group this week.  Thank you Angel Studios!!,5/5.0
Audience,Elisabeth L,"Apr 27, 2025","A beautiful movie. The voice acting was superb, and the animation was great. They did a great job staying true to biblical text. Its a movie worth seeing with the whole family.",5/5.0
Audience,Kimberly,"Apr 27, 2025","Such a cute movie for both kids and adults!!  My family loves it and loves how God is glorified through it all. From the birth, to miracles, to temptations, to overcoming and showing us the true story in a way children can understand!!  Beautiful movie!!!",5/5.0
Audience,Garry,"Apr 27, 2025",It kept my child's attention throughout in a way I didn't expect. It did a great job in telling the story  of Jesus that both young and old can feel the emotion of what Jesus's life means to the world.,4/5.0
Audience,ShowGoGirl,"Apr 27, 2025",The animation was well done.  The segments of Jesus‚Äô life highlighted in this movie had one key moral: Jesus died to save  those who couldn‚Äôt save themselves.,4/5.0
Audience,,"Apr 27, 2025","I typically love angel studios movies but this was t so great, way over rated imo",2/5.0
Audience,Frank,"Apr 27, 2025",Great movie for children !,5/5.0
Audience,king of kings,"Apr 27, 2025",King of kings was a good movie,5/5.0
Audience,Lidia G,"Apr 27, 2025",We loved this movie! Creative way to tell the story of Jesus!,5/5.0
Audience,Rebeca,"Apr 27, 2025","Great movie! Took my 5 year old, she loved it!",5/5.0
Audience,Antonio C,"Apr 27, 2025","loved It, the Greatest story ever Told, our 8 year old granddaughter loved it as much as we did ‚ù§Ô∏è",5/5.0
Audience,,"Apr 27, 2025","It‚Äôs no Chosen, but still quite enjoyable. Seeing the same Biblical stories told in different styles really helps show that how you interpret them is just as valid as anyone else. Definitely more for kids but parents can get nearly the same amount of enjoyment out of it!",4/5.0
Audience,Jason,"Apr 27, 2025",I guess kids might not know if they like it or not but it wasn‚Äôt worth the trip.,1/5.0
Audience,Jim,"Apr 27, 2025",So very well done.  Wonderful story beautifully told.  Our 7 and 9yo girls loved it!!,5/5.0
Audience,Cruz,"Apr 27, 2025","It‚Äôs such a good movie, had me in tears in the end, and my kids were into it the entire time. I highly recommend it, and very likely to watch it again.",5/5.0
Audience,Curtis B,"Apr 27, 2025",The sounds and effects was fantastic. The movie was well put together and my family enjoyed it.,4/5.0
Audience,Adam,"Apr 27, 2025","Great animation, characters portrayed the events well, and the story was biblically accurate (yes,some creative liberties were taken). We took our 4 kids but I enjoyed it just as much as they did.",5/5.0
Audience,Olivia,"Apr 27, 2025","We took our two kids to see King of Kings and absolutely loved it! The story of Jesus was told so beautifully, and it kept all of our attention from start to finish. It was completely age-appropriate, heartfelt, and visually stunning. The movie sparked some great conversations with our kids afterward and left us all feeling inspired. A truly wonderful family experience ‚Äî 5 stars!",5/5.0
Audience,Alina,"Apr 27, 2025",Great for kids to lean about Jesus,5/5.0
Audience,Joanie,"Apr 27, 2025","The movie was great.  We took my mother, grand daughter, my husband and I and loved it!!!",5/5.0
Audience,Great movie,"Apr 27, 2025",Great family movie!  The Truth of Jesus! A must see!,5/5.0
Audience,Michael L,"Apr 27, 2025",A great depiction for kids of such a great story. The music was beautifully arranged and pulled out a lot of emotion watching. Very well done and refreshing.,5/5.0
Audience,Dusty Hanson,"Apr 26, 2025","W movie. Truly inspiring, and an accurate depiction of the life of Jesus!",5/5.0
Audience,MARTIN C,"Apr 26, 2025","Great movie, my son loved the part where they feed the people.",5/5.0
Audience,,"Apr 26, 2025",What a beautiful illustration for our children of the One Trie King. Angel never disappoints.,5/5.0
Audience,,"Apr 26, 2025",The King of Kings was terrible. The entire movie was focused on the dad and son reactions instead of the entire story!!!,1/5.0
Audience,Sonia,"Apr 26, 2025",Perfect way for kids to understand the life of Jesus,5/5.0
Audience,Sean,"Apr 26, 2025","A very kid friendly movie on the birth, life, death, and resurrection of Jesus!",4.5/5.0
Audience,,"Apr 26, 2025","It was a really creative and very fascinating animated biblical family movie. It had really extraordinary animation, really fantastic voice cast, really satisfying characters, really magnificent music, really sensational adventure, really wonderful visuals, really great drama and a very interesting story. In my opinion, I think it‚Äôs going to be one of my favorite animated movies I‚Äôve ever seen in theaters in my whole life. I really recommend this film to both kids and adults.",5/5.0
Audience,Heather J,"Apr 26, 2025",This movie is fantastic for all ages. I plan to buy it when it comes out on digital so we can watch it again!   Well done! Finally a movie the whole family can enjoy.,5/5.0
Audience,Kyle K,"Apr 26, 2025",Great movie for the younger generations that tells the true Easter story!,5/5.0
Audience,Rhonda B,"Apr 26, 2025",It's a great show to take kids to. The animation is in anime style.so it has a modern feel. I loved it.,5/5.0
Audience,Ted L,"Apr 26, 2025","Very well done. I highly recommend it, especially for children.",5/5.0
Audience,,"Apr 26, 2025","Great movie! It is nice to see a clean, meaningful movie on the big screen again! Bravo and thank you for making it about our KING!",5/5.0
Audience,Luis P,"Apr 26, 2025",Loved it! Wonderfully animated and great voice casting bring the greatest story ever told to life. I think kids will enjoy and understandthe word and message. I think it also sums it up for adults who aren't familiar with the story. Highly recommended!,5/5.0
Audience,Yvonne G,"Apr 26, 2025","Amazing, this movie can help fill in any gaps you or your kid has in the how and why Jesus came to earth and had to die. Please dont miss it.",5/5.0
Audience,Sillyred,"Apr 26, 2025","This movie was hyped by what Im guessing is an older generation of believers who happen to be on tik tok. I personally felt no connection and everything flew over my 2 daughters heads because it was not deep enough. It was very superficial. The very beginning made me feel like it was a Christmas movie. A Christmas movie during Easter Passover. It also was about Charles Dickens being this amazing story teller that transported his audience to imagine what the story was about. The first 20 minutes could have been erased and replaced with more depth. It briefly discussed the Passover, which I thought would have been an essential part to focus on. It briefly showed how the Pharisees turned everyone against Jesus and had him tortured brutally. Im not asking for Passion of the Christ, but a scratch on the cheek will get you a reaction of oh that wasnt so bad. I saw and heard no emotion or reaction from any audience member. Waste of money. Movies are expensive. Dont waste yours.",1/5.0
Audience,,"Apr 26, 2025","Loved the whole movie to the point I cried the whole time lol. I would watch this movie over and over again if I were to fall so deep into temptation or how much God loves me. 
Loved this movie so much! :)


But if you didn't enjoy the movie to its best, then I (and I means, me personally) believe you put hope into thinking it would come out differently or you would see another story of Jesus Christ.

Knowing the story of Jesus Christ, yes is the same; but what would change? Why change it for, when it's for us people to see the things He did for us?

I loved this movie from the very beginning, crying the whole time. As a 16 year old, yes I struggle with so much but to see that Jesus took those struggles away and gave me a better life is so much more then I could ever ask. So why be a bit disappointed in the movie, storyline, animation, or even the way it's originally outlined? 

There is a God, and a God who doesn't want any much more then to give you the unconditional love nobody can ever give back. That's the God I love and serve as a young 16 year old girl.",5/5.0
Audience,,"Apr 26, 2025",This was a great children's movie depicting Christ. Though it covered his birth and life the hardest part of the story to tell is cruelty of the events leading to the crucifixion. This heinous act is the story of Christ and it had to be included. It was watered down for the younger audiences but was still impactful enough even for adults to get a taste of the pain Christ suffered for us. This is a must see. I will be purchasing this and it will be one of my 3 daughters favorite animated films of all time right beside the Prince of Egypt.,5/5.0
Audience,,"Apr 26, 2025","Beautifully made cartoon. So very touching, especially for the kids. As usual, like in many other of our favourite children's movies, the rotten tomato elite critics who hyjack the percentage star value have no clue!",5/5.0
Audience,,"Apr 26, 2025",Wonderful. Highly recommend.,5/5.0
Audience,Watcher,"Apr 26, 2025",It was a bit too white washed,3/5.0
Audience,Isai Aviles,"Apr 26, 2025",Amazing way to bring the story of Jesus to life. Great job done!,5/5.0
Audience,Campbell M,"Apr 26, 2025",The greatest story ever told.,5/5.0
Audience,Michael,"Apr 26, 2025",5 stars would recommend this movie to everyone who wants to learn about our lord Jesus Christ ‚ù§Ô∏è,5/5.0
Audience,Guy,"Apr 26, 2025",This is a very well done movie. Very well voice acted. Very well animated. The story follows scripture well and yet is told so well that children can enjoy it.,5/5.0
Audience,Dana C,"Apr 26, 2025",It was the best children‚Äôs movie to describe Jesus!!,5/5.0
Audience,Diane,"Apr 26, 2025",We enjoyed the movie with our granddaughter.  It was Biblically correct and presented in a way that she could relate.  We always look forward to Christian movies keep them coming!,5/5.0
Audience,Keith Heil,"Apr 26, 2025",We loved King of Kings. They did a great job portraying the life of Jesus through animation.,5/5.0
Audience,Sharon,"Apr 25, 2025",Very well done and biblically accurate,4.5/5.0
Audience,Christopher S,"Apr 25, 2025","Bland, sterile, generally unmoving. Kids were climbing the seats midway through the film. This adaption of Jesus lacks focus, is overly sanitized to prevent scandal (very un-Jesus-like), and feels like a gold-embossed Hallmark Jesus. Little more than a high-budget Vacation Bible School skit. Message: Just Believe, and youll get your eternal rewards card punched on the way out.",2/5.0
Audience,Rick,"Apr 25, 2025",inspirational and great family movie,5/5.0
Audience,,"Apr 25, 2025",The best movie I have ever seen in my life,5/5.0
Audience,Matthew R,"Apr 25, 2025","This movie is amazing in many ways, it tells the story of Jesus, but in a fresh new way, it is paced very well, so you don‚Äôt loose interest And Walter, the kid is not annoying like I thought he‚Äôd be. Some stand outs to me are Oscar Isaac (Jesus), Forrest Whitaker (Peter), and Roman Griffin Davis (Walter). Overall, a must see.",4.5/5.0
Audience,,"Apr 25, 2025",An excellent way to introduce darker and more adult aspects of the life of Jesus to young children. It deeply impacted our seven year old in ways that listening to sermons at our church had not done thus far.,3.5/5.0
Audience,Cindy,"Apr 25, 2025",Our youth group from Church went and we really enjoyed it.,5/5.0
Audience,Emily,"Apr 25, 2025",I liked the fact that it told the full story of Jesus but it was long and boring,3/5.0
Audience,stladieu7,"Apr 25, 2025",Love this movie!!!! Hope it is out for at least a month so I can take my grandchildren to see it! I have grandchildren in Seattle and Spokane.,5/5.0
Audience,Michael M,"Apr 25, 2025",Great depiction of the Bible story. Very biblical based. Awesome movie!,5/5.0
Audience,Dianne,"Apr 24, 2025",It was a joy to see.,5/5.0
Audience,Natasha,"Apr 24, 2025",A great movie. I cant wait to see it again. I felt the spirit through a cartoon,5/5.0
Audience,Crossdelta,"Apr 24, 2025",Great presentation of the story for children,5/5.0
Audience,Tamara,"Apr 24, 2025",A absolute wonderful movie!!!,5/5.0
Audience,,"Apr 24, 2025","We loved it! It gave us a different perspective, as we were going through Jesus's journey through the lens of a child. Seeing His story through the eyes of a child was so pure and sincere. Really reminded us of how much love our heavenly Father has for each one of us. 
It was cute, well told, and had great animation.",5/5.0
Audience,Shauna  S,"Apr 24, 2025",Fun entertaining and stayed true to the story,5/5.0
Audience,JOwens,"Apr 24, 2025",This is a great movie for children to watch.,4/5.0
Audience,Kristen C,"Apr 24, 2025",The movie was amazing. I loved how they told the story about Jesus Christ in a way that kids and adults could enjoy. I would recommend it to everyone.,5/5.0
Audience,Tyler,"Apr 24, 2025",Loved the movie and I watched it with my family and my almost 9 year old. being able to explain things to him so he understands will be great memories that I will always treasure.,5/5.0
Audience,,"Apr 24, 2025","I thought this movie was so well done, and the scenes of Jesus carrying out the miracles was very moving. Not cheesy at all. I'm really impressed with Angel studios. It's nice to be able to share these meaning stories with my son, and pass it along to the next generation. The animation is also well executed and the stylized characters are fun to watch.",5/5.0
Audience,,"Apr 24, 2025",Movie was not overly religious bound but the idea to create an animated story was right on target with subject matter. It is a film for all ages. A little girl changed her seat next to me to share popcorn with her dad but in the time it took her to move seats she did not take her eyes off the screen even as she grabbed his popcorn.,4/5.0
Audience,LaDonna P,"Apr 24, 2025",I loved the miracle scenes and the movie all around!,5/5.0
Audience,,"Apr 24, 2025",Such a fantastic representation of the life of Jesus. Perfect for kids!,5/5.0
Audience,Sydney M,"Apr 24, 2025",I loved it so much such a beautiful movie‚ù§Ô∏è,5/5.0
Audience,,"Apr 24, 2025",Won‚Äôt disappoint! It‚Äôs funny it‚Äôs well thought off so sweet and it‚Äôs the perfect way for your children to understand the love of Jesus! You want your kids to understand his love? Take them to see it! It‚Äôs beautiful! My 13 year old cried and hasn‚Äôt stopped talking about it. I‚Äôm 38 and I loved it take the whole family!,5/5.0
Audience,Peter,"Apr 24, 2025","Greatest story ever told. 
Loved the movie.",5/5.0
Audience,JP Hernndez,"Apr 24, 2025",Great movie for all ages,5/5.0
Audience,Richard L,"Apr 24, 2025","Great for the family and to be watched as a family.  In general, the story was scripturally sound as the Holy Bible describes the life of Jesus Christ.  The basic plot and theme were not over-sensationalized but brought the main points of Christ's miracles, personality, divine and true deity, even his human attributes down to an earthen level.   Yet, in the end of this movie, one could only conclude that Jesus Christ is The King of Kings.",5/5.0
Audience,,"Apr 24, 2025","A beautiful telling of Jesus's life. Even toned down for younger kids, it still relays the message loud and clear. So much so that even adults can be memorized by it. It moved me to tears.",5/5.0
Audience,Connie B,"Apr 24, 2025","Awesome way to relay the story of Jesus! I want to own a copy. It's a must see for children, for everyone really. Even my husband was touched!",5/5.0
Audience,Amanda R,"Apr 24, 2025",Perfectly created to tell the story of Jesus so it is powerful but not too intense for small ones. The talent was great and the animation beautiful.,5/5.0
Audience,Mimi Q,"Apr 24, 2025","Feel a bit rush, I know it target children audience so it can‚Äôt be too long but still‚Ä¶",3.5/5.0
Audience,Eternity333,"Apr 24, 2025",Amazing and inspiring my children really enjoyed it!!,5/5.0
Audience,Grammy,"Apr 24, 2025","It was a touching but child appropriate telling of Jesus's ministry and the days leading to his crucifixion.  We took 2 grandchildren, one 8 years old and one 6 years old and both were mesmerized by the movie. Thank you Angel  Studios! Well done!!",5/5.0
Audience,,"Apr 24, 2025",Jessica movie is jessica,5/5.0
Audience,Cheree B,"Apr 24, 2025",This movie was exceptional for kids and adults! It should not be missed!,5/5.0
Audience,Griselle,"Apr 23, 2025",Great movie! Both me and my kid enjoyed it. I highly recommend it.,5/5.0
Audience,DG,"Apr 23, 2025",The animation was very good.,5/5.0
Audience,Virginia,"Apr 23, 2025",Quality of the movie,5/5.0
Audience,Winsome C,"Apr 23, 2025","This is a great movie for kids. My eleven-year-old granddaughter liked it very much. It follows the biblical story fairly closely, except, of course, for the storyteller and his family. But having the family involved helped explain the story.",5/5.0
Audience,,"Apr 23, 2025","My wife and I took our 8 and 10 year old daughters to see this movie.  The fact that it was told through the eyes of a little boy was powerful.  To see how he reacted in hearing the story for the first time. I think too many of us allow either familiarity with the story or our personal beliefs to get in the way of the message and what actually occurred and why.  This was a chance to see it from a fresh perspective that touched not only my daughters but also my wife and myself.  The animation was Disney-quality, which is not normally seen from a smaller studio.  

My recommendation: go see it with no preconceived ideas and try to see it as if hearing it for the first time.  Do not get caught up in mandating complete biblical accuracy, as there are always things which do not line up 100%, but the story overall and 90% of the details follow the biblical narrative.",5/5.0
Audience,Deborah,"Apr 23, 2025","Simple to understand movie telling the story of Jesus life, death and resurrection.",5/5.0
